"","modszer","nyers","magyarazott","nem_magyarazott","kulonbseg"
"1","A_R2","-0.116688760942447","0.0311325498692039","-0.147821310811874","2.23820961764432e-13"
"2","A_R2","-0.108920107205318","0.0341302300174053","-0.148896566488663","0.00584622926593958"
"3","B_R2","-0.116688760942447","-0.0155449933889162","-0.101143767553749","2.18491891246231e-13"
"4","B_R2","-0.108920107205318","-0.0125929699785203","-0.101386977700924","0.00505984047412689"
