"","modszer","nyers","magyarazott","nem_magyarazott","kulonbseg"
"1","A_R2","-0.0902915738109797","0.0634818397065899","-0.153773413517515","-5.50670620214078e-14"
"2","A_R2","-0.0891352720659118","0.0617009377920716","-0.15334335519","0.00250714533201624"
"3","B_R2","-0.0902915738109797","0.0196992294884417","-0.109990803299373","-4.79616346638068e-14"
"4","B_R2","-0.0891352720659118","0.0186644920390329","-0.110542614346604","0.00274285024165977"
