"","modszer","nyers","magyarazott","nem_magyarazott","kulonbseg"
"1","A_R2","-0.114897614739755","-0.00278667899772955","-0.112954347240359","0.000843411498333779"
"2","A_R2","-0.113049768185819","0.0120632566696752","-0.131601214396188","0.00648818954069341"
"3","B_R2","-0.114897614739755","-0.0392255225348421","-0.0763466666574431","0.000674574452530052"
"4","B_R2","-0.113049768185819","-0.0257676373577596","-0.0907298490317849","0.00344771820372536"
