"","modszer","nyers","magyarazott","nem_magyarazott","kulonbseg"
"1","A_R2","-0.109719744906833","-0.00269022885113834","-0.107383017902016","0.000353501846321436"
"2","A_R2","-0.109242386459202","0.0151689009809122","-0.12540215599938","0.000990868559265223"
"3","B_R2","-0.109719744906833","-0.0417442046248357","-0.0686138945065977","0.000638354224600235"
"4","B_R2","-0.109242386459202","-0.0293595238373463","-0.0820165871666259","0.00213372454476968"
