"","modszer","nyers","magyarazott","nem_magyarazott","kulonbseg"
"1","A_R2","-0.0955302158416398","0.0119773486513477","-0.107736261878696","0.000228697385708188"
"2","A_R2","-0.100388858199093","0.0299847570893093","-0.127230495423616","-0.00314311986478621"
"3","B_R2","-0.0955302158416398","-0.0242109793059466","-0.0720493222379961","0.000730085702302929"
"4","B_R2","-0.100388858199093","-0.0102796760031492","-0.0855661967221195","-0.00454298547382415"
