"","modszer","nyers","magyarazott","nem_magyarazott","kulonbseg"
"1","A_R2","-0.0898673488772719","0.0168443456260032","-0.107021514528592","0.000309820025316654"
"2","A_R2","-0.0971690953326583","0.028295817358762","-0.122392467068689","-0.00307244562273112"
"3","B_R2","-0.0898673488772719","-0.0184088270112799","-0.072144962853228","0.000686440987236026"
"4","B_R2","-0.0971690953326583","-0.0105908191036637","-0.0841257891716847","-0.00245248705730994"
