"","modszer","nyers","magyarazott","nem_magyarazott","kulonbseg"
"1","A_R2","-0.124078875952751","0.0377482886633338","-0.161827164616728","6.43041175862891e-13"
"2","A_R2","-0.110527695352568","0.0431065122602305","-0.162013663846714","0.00837945623391612"
"3","B_R2","-0.124078875952751","-0.0131491978539113","-0.110929678099518","6.78568312650896e-13"
"4","B_R2","-0.110527695352568","-0.00634690567993523","-0.112131573363099","0.00795078369046642"
