"","modszer","nyers","magyarazott","nem_magyarazott","kulonbseg"
"1","A_R2","-0.116688760942447","-0.0148307799066369","-0.102150357797321","0.000292376761510837"
"2","A_R2","-0.108920107205318","0.00706540337906958","-0.120908825827046","0.00492331524265843"
"3","B_R2","-0.116688760942447","-0.051979732430004","-0.0659352162307716","0.00122618771832883"
"4","B_R2","-0.108920107205318","-0.0361707124958013","-0.0781922866955114","0.00544289198599479"
