"","modszer","nyers","magyarazott","nem_magyarazott","kulonbseg"
"1","A_R2","-0.114897614739755","0.0517289299550416","-0.166626544694601","-1.95399252334028e-13"
"2","A_R2","-0.113049768185819","0.0468969025902393","-0.166344424494852","0.00639775371879381"
"3","B_R2","-0.114897614739755","0.00388435816909372","-0.118781972908639","-2.0961010704923e-13"
"4","B_R2","-0.113049768185819","0.00167144592691493","-0.119115727049914","0.00439451293718029"
