"","modszer","nyers","magyarazott","nem_magyarazott","kulonbseg"
"1","A_R2","-0.0630102151294913","0.0350057799519981","-0.0983839441811245","0.000367949099635112"
"2","A_R2","-0.0709650916090361","0.0462437596812997","-0.114551074916909","-0.00265777637342701"
"3","B_R2","-0.0630102151294913","0.00445926491564563","-0.0683908892271532","0.00092140918201622"
"4","B_R2","-0.0709650916090361","0.0112657530499796","-0.0804251337900634","-0.0018057108689522"
