"","modszer","nyers","magyarazott","nem_magyarazott","kulonbseg"
"1","A_R2","-0.0955302158416398","0.0586491438561758","-0.154179359698656","8.40216785036318e-13"
"2","A_R2","-0.100388858199093","0.0558544023988539","-0.154196919549408","-0.00204634104853874"
"3","B_R2","-0.0955302158416398","0.0102380385533234","-0.105768254395846","8.82849349181924e-13"
"4","B_R2","-0.100388858199093","0.00586334129850918","-0.106208673750958","-4.35257466442351e-05"
