"","modszer","nyers","magyarazott","nem_magyarazott","kulonbseg"
"1","A_R2","-0.117836130941487","-0.0109747636692532","-0.107258106653465","0.000396739381230304"
"2","A_R2","-0.122042064409509","0.00501788441207118","-0.12552724819405","-0.0015327006275303"
"3","B_R2","-0.117836130941487","-0.0513801225385286","-0.0671947487718096","0.000738740368850799"
"4","B_R2","-0.122042064409509","-0.0392080546417137","-0.0797881243232972","-0.00304588544449835"
