"","modszer","nyers","magyarazott","nem_magyarazott","kulonbseg"
"1","A_R2","-0.0630102151294913","0.0798355426112209","-0.142845757740345","-3.67705865755852e-13"
"2","A_R2","-0.0709650916090361","0.076854332029038","-0.143168820705332","-0.00465060293274178"
"3","B_R2","-0.0630102151294913","0.0381749707188632","-0.101185185847996","-3.58824081558851e-13"
"4","B_R2","-0.0709650916090361","0.034920992680938","-0.101198600604185","-0.00468748368578886"
