"","modszer","nyers","magyarazott","nem_magyarazott","kulonbseg"
"1","A_R2","-0.117836130941487","0.0384609002115273","-0.156297031153283","2.68229882749438e-13"
"2","A_R2","-0.122042064409509","0.0360366197705719","-0.158460652463798","0.000381968283717171"
"3","B_R2","-0.117836130941487","-0.0161486242040674","-0.101687506737704","2.8421709430404e-13"
"4","B_R2","-0.122042064409509","-0.0171777168628306","-0.103640083867102","-0.00122426367957651"
