"","modszer","nyers","magyarazott","nem_magyarazott","kulonbseg"
"1","A_R2","-0.109719744906833","0.0455562883434517","-0.15527603325029","5.32907051820075e-15"
"2","A_R2","-0.109242386459202","0.0479403766902617","-0.155217472752209","-0.0019652903972549"
"3","B_R2","-0.109719744906833","-0.00773950926968503","-0.101980235637146","-1.77635683940025e-15"
"4","B_R2","-0.109242386459202","-0.00651908174401505","-0.10172607447047","-0.000997230244717429"
