"","modszer","nyers","magyarazott","nem_magyarazott","kulonbseg"
"1","A_R2","-0.0902915738109797","0.0180487480761045","-0.108849893551749","0.000509571664665032"
"2","A_R2","-0.0891352720659118","0.0358278342134213","-0.128106451424181","0.00314334514484749"
"3","B_R2","-0.0902915738109797","-0.017311095592035","-0.0738434494640678","0.000862971245123134"
"4","B_R2","-0.0891352720659118","-0.00408596908200565","-0.0891597230221173","0.00411042003821116"
