"","modszer","nyers","magyarazott","nem_magyarazott","kulonbseg"
"1","A_R2","-0.124078875952751","-0.00730194492960834","-0.117474953454025","0.000698022430881906"
"2","A_R2","-0.110527695352568","0.0214423529748551","-0.138956715634892","0.00698666730746922"
"3","B_R2","-0.124078875952751","-0.0508707351583428","-0.074419915247196","0.00121177445278775"
"4","B_R2","-0.110527695352568","-0.0270740173708326","-0.0899292658579149","0.00647558787617974"
