"","modszer","nyers","magyarazott","nem_magyarazott","kulonbseg"
"1","A_R2","-0.0898673488772719","0.0649570403003406","-0.154824389177627","1.4210854715202e-14"
"2","A_R2","-0.0971690953326583","0.0594238595638732","-0.154453892474846","-0.00213906242168527"
"3","B_R2","-0.0898673488772719","0.0194889626274772","-0.109356311504769","1.95399252334028e-14"
"4","B_R2","-0.0971690953326583","0.013308760480955","-0.108782803218535","-0.00169505259507829"
